date,section,row_count,generated_at_kst
2026-05-16,우선순위_TOP,50,2026-05-16 02:53:20
2026-05-16,선행매매_후보,50,2026-05-16 02:53:20
2026-05-16,장기투자_후보,50,2026-05-16 02:53:20
2026-05-16,테마_요약,40,2026-05-16 02:53:20
2026-05-16,외국인_수급,8,2026-05-16 02:53:20
2026-05-16,기관수급_요약,9,2026-05-16 02:53:20
2026-05-16,신고가_미국,99,2026-05-16 02:53:20
2026-05-16,신고가_한국,34,2026-05-16 02:53:20
2026-05-16,거래량_급증_미국,120,2026-05-16 02:53:20
2026-05-16,거래량_급증_한국,120,2026-05-16 02:53:20
2026-05-16,유명기관_13F증감,3398,2026-05-16 02:53:20
2026-05-16,일별_트래킹,0,2026-05-16 02:53:20
2026-05-15,우선순위_TOP,50,2026-05-15 23:58:00
2026-05-15,선행매매_후보,50,2026-05-15 23:58:00
2026-05-15,장기투자_후보,50,2026-05-15 23:58:00
2026-05-15,테마_요약,40,2026-05-15 23:58:00
2026-05-15,외국인_수급,34,2026-05-15 23:58:00
2026-05-15,기관수급_요약,34,2026-05-15 23:58:00
2026-05-15,신고가_미국,134,2026-05-15 23:58:00
2026-05-15,신고가_한국,50,2026-05-15 23:58:00
2026-05-15,거래량_급증_미국,321,2026-05-15 23:58:00
2026-05-15,거래량_급증_한국,283,2026-05-15 23:58:00
2026-05-15,유명기관_13F증감,3414,2026-05-15 23:58:00
2026-05-15,일별_트래킹,0,2026-05-15 23:58:00
